{
  "rouge1": 0.3683374811200975,
  "rouge2": 0.15723328487671023,
  "rougeL": 0.2669903418387027,
  "n": 120,
  "model": "sshleifer/distilbart-cnn-6-6"
}